Topology,Condition,Fidelity,XX,YY,ZZ,SWAPs,2Q Gates,Depth,Survival Yield
5Q Star,Ideal,1.0,1.0,-1.0,1.0,4,5,6,1.0
5Q Star,Noisy,0.8972,0.8526,-0.8568,0.8795,4,5,6,1.0
5Q Star,Noisy + Protection,0.9116,0.8751,-0.8803,0.8911,4,5,6,0.9341
Heavy-Hex Inspired,Ideal,1.0,1.0,-1.0,1.0,10,11,12,1.0
Heavy-Hex Inspired,Noisy,0.8513,0.776,-0.7877,0.8414,10,11,12,1.0
Heavy-Hex Inspired,Noisy + Protection,0.8856,0.8349,-0.8387,0.8688,10,11,12,0.8448
Hyperbolic Inspired,Ideal,1.0,1.0,-1.0,1.0,6,7,8,1.0
Hyperbolic Inspired,Noisy,0.8828,0.8265,-0.8341,0.8707,6,7,8,1.0
Hyperbolic Inspired,Noisy + Protection,0.9049,0.8639,-0.8648,0.891,6,7,8,0.9026
